# People
- person:
  name: Elisângela Ribas
  title: Dra.
  email: Elisangela.santos@uffs.edu.br
  position: Coordenação técnico pedagógica
  lattes: http://buscatextual.cnpq.br/buscatextual/visualizacv.do?metodo=apresentar&id=K4138361P7
  avatar: /images/bio-photo.jpg

- person:
  name: Fernando Bevilacqua
  title: Dr
  email: fernando.bevilacqua@uffs.edu.br
  lattes: http://lattes.cnpq.br/7744662926303212
  web: https://fernandobevilacqua.com
  position: Coordenação geral
  #bio: "What do you want, jewels? I am a very extravagant man."
  #bio_academic: "Academic What do you want, jewels? I am a very extravagant man."
  avatar: /images/bio-photo.jpg
  twitter: as3gamegears

- person:
  name: Luciano Lores Caimi
  title: Dr
  email: lcaimi@uffs.edu.br
  position: Coordenação técnico pedagógica
  lattes: http://buscatextual.cnpq.br/buscatextual/visualizacv.do?metodo=apresentar&id=K4138098P8
  avatar: /images/bio-photo.jpg

- person:
  name: Maurício Fernando Bozatski
  title: Dr
  email: mauricio@uffs.edu.br
  position: Coordenação geral
  lattes: http://buscatextual.cnpq.br/buscatextual/visualizacv.do?metodo=apresentar&id=K4782175D9
  avatar: /images/bio-photo.jpg

- person:
  name: Nedilso Lauro Brugnera
  title: Dr
  email: nedilso.brugnera@uffs.edu.br
  position: direção
  lattes: http://buscatextual.cnpq.br/buscatextual/visualizacv.do?metodo=apresentar&id=K4790813H0
  avatar: /images/bio-photo.jpg

- person:
  name: Alessandra Pedrotti
  email: alessandrapedrotti24@gmail.com
  position: Produção de conteúdo
  avatar: /images/bio-photo.jpg

- person:
  name: Alexandre Manoel dos Santos
  email: alexandre.manoel.dos.santos@gmail.com
  position: Produção de conteúdo
  avatar: /images/bio-photo.jpg

- person:
  name: Andrew M. Silva
  email: andrewsaxx@gmail.com
  position: Produção de software
  avatar: /images/bio-photo.jpg

- person:
  name: Cleisson Vieira Raimundi
  email: cleisson.raimundi@estudante.uffs.edu.br
  position: Produção de software
  avatar: /images/bio-photo.jpg

- person:
  name: Estela Maris Vilas Boas
  email: estelavilasboas01@gmail.com
  position: Produção de software
  avatar: /images/bio-photo.jpg

- person:
  name: Igor Matheus
  email: igor.uffs@gmail.com
  position: Produção de conteúdo
  avatar: /images/bio-photo.jpg

- person:
  name: Isabeli Reik
  email: isabelireik2@gmail.com
  position: Produção de conteúdo
  avatar: /images/bio-photo.jpg

- person:
  name: Lucas Ferreira
  email: lucas.colegioagricola@gmail.com
  position: Produção de conteúdo
  avatar: /images/bio-photo.jpg

- person:
  name: Maria Gelain
  email: mariaegelain9@gmail.com
  position: Produção de conteúdo
  avatar: /images/bio-photo.jpg

- person:
  name: Matheus Dias Negrão
  email: matheus.dnegrao@gmail.com
  position: Produção de conteúdo
  avatar: /images/bio-photo.jpg

- person:
  name: Vinícius do Reis
  email: viniciusdosreis312@gmail.com
  position: Produção de conteúdo
  avatar: /images/bio-photo.jpg

- person:
  name: Vinícius França Alves
  email: viniciusfrancap@hotmail.com
  position: Produção de conteúdo
  avatar: /images/bio-photo.jpg